date,hour,cars_present
2025-08-14,6,0
2025-08-14,7,2
2025-08-14,8,3
2025-08-14,9,3
2025-08-14,10,2
2025-08-14,11,2
2025-08-14,12,3
2025-08-14,13,5
2025-08-14,14,5
2025-08-14,15,4
2025-08-14,16,4
2025-08-14,17,3
2025-08-14,18,3
2025-08-14,19,4
2025-08-14,20,4
2025-08-14,21,4
2025-08-14,22,3
2025-08-14,23,4
2025-08-15,0,4
2025-08-15,1,2
2025-08-15,2,4
2025-08-15,3,5
2025-08-15,4,5
2025-08-15,5,7
2025-08-15,6,8
2025-08-15,7,8
2025-08-15,8,7
2025-08-15,9,11
2025-08-15,10,9
2025-08-15,11,29
2025-08-15,12,54
2025-08-15,13,75
2025-08-15,14,80
2025-08-15,15,97
2025-08-15,16,103
2025-08-15,17,117
2025-08-15,18,134
2025-08-15,19,136
2025-08-15,20,143
2025-08-15,21,147
2025-08-15,22,144
2025-08-15,23,141
2025-08-16,0,130
2025-08-16,1,126
2025-08-16,2,127
2025-08-16,3,124
2025-08-16,4,130
2025-08-16,5,139
2025-08-16,6,133
2025-08-16,7,130
2025-08-16,8,135
2025-08-16,9,143
2025-08-16,10,137
2025-08-16,11,144
2025-08-16,12,141
2025-08-16,13,145
2025-08-16,14,138
2025-08-16,15,142
2025-08-16,16,145
2025-08-16,17,132
2025-08-16,18,143
2025-08-16,19,137
2025-08-16,20,146
2025-08-16,21,142
2025-08-16,22,145
2025-08-16,23,136
2025-08-17,0,142
2025-08-17,1,146
2025-08-17,2,149
2025-08-17,3,146
2025-08-17,4,152
2025-08-17,5,160
2025-08-17,6,155
2025-08-17,7,154
2025-08-17,8,148
2025-08-17,9,142
2025-08-17,10,131
2025-08-17,11,130
2025-08-17,12,135
2025-08-17,13,137
2025-08-17,14,128
2025-08-17,15,131
2025-08-17,16,142
2025-08-17,17,152
2025-08-17,18,145
2025-08-17,19,147
2025-08-17,20,150
2025-08-17,21,136
2025-08-17,22,135
2025-08-17,23,127
2025-08-18,0,121
2025-08-18,1,132
2025-08-18,2,129
2025-08-18,3,116
2025-08-18,4,118
2025-08-18,5,113
2025-08-18,6,110
2025-08-18,7,124
2025-08-18,8,132
2025-08-18,9,136
2025-08-18,10,138
2025-08-18,11,140
2025-08-18,12,155
2025-08-18,13,152
2025-08-18,14,147
2025-08-18,15,148
2025-08-18,16,137
2025-08-18,17,133
2025-08-18,18,127
2025-08-18,19,126
2025-08-18,20,130
2025-08-18,21,147
2025-08-18,22,143
2025-08-18,23,144
2025-08-19,0,168
2025-08-19,1,173
2025-08-19,2,164
2025-08-19,3,164
2025-08-19,4,155
2025-08-19,5,150
2025-08-19,6,155
2025-08-19,7,151
2025-08-19,8,147
2025-08-19,9,149
2025-08-19,10,143
2025-08-19,11,137
2025-08-19,12,135
2025-08-19,13,132
2025-08-19,14,145
2025-08-19,15,141
2025-08-19,16,146
2025-08-19,17,145
2025-08-19,18,150
2025-08-19,19,153
2025-08-19,20,146
2025-08-19,21,149
2025-08-19,22,161
2025-08-19,23,166
2025-08-20,0,149
2025-08-20,1,147
2025-08-20,2,138
2025-08-20,3,146
2025-08-20,4,146
2025-08-20,5,148
2025-08-20,6,148
2025-08-20,7,136
2025-08-20,8,142
2025-08-20,9,134
2025-08-20,10,147
2025-08-20,11,143
2025-08-20,12,151
2025-08-20,13,153
2025-08-20,14,153
2025-08-20,15,151
2025-08-20,16,140
2025-08-20,17,139
2025-08-20,18,127
2025-08-20,19,130
2025-08-20,20,141
2025-08-20,21,148
2025-08-20,22,136
2025-08-20,23,132
2025-08-21,0,133
2025-08-21,1,141
2025-08-21,2,150
2025-08-21,3,157
2025-08-21,4,157
2025-08-21,5,153
2025-08-21,6,150
2025-08-21,7,144
2025-08-21,8,130
2025-08-21,9,129
2025-08-21,10,138
2025-08-21,11,149
2025-08-21,12,148
2025-08-21,13,143
2025-08-21,14,143
2025-08-21,15,150
2025-08-21,16,148
2025-08-21,17,151
2025-08-21,18,145
2025-08-21,19,140
2025-08-21,20,143
2025-08-21,21,134
2025-08-21,22,125
2025-08-21,23,123
2025-08-22,0,115
2025-08-22,1,108
2025-08-22,2,116
2025-08-22,3,119
2025-08-22,4,120
2025-08-22,5,122
2025-08-22,6,125
2025-08-22,7,140
2025-08-22,8,132
2025-08-22,9,135
2025-08-22,10,124
2025-08-22,11,128
2025-08-22,12,128
2025-08-22,13,131
2025-08-22,14,138
2025-08-22,15,138
2025-08-22,16,131
2025-08-22,17,144
2025-08-22,18,141
2025-08-22,19,144
2025-08-22,20,149
2025-08-22,21,149
2025-08-22,22,144
2025-08-22,23,141
2025-08-23,0,147
2025-08-23,1,141
2025-08-23,2,143
2025-08-23,3,144
2025-08-23,4,141
2025-08-23,5,142
2025-08-23,6,139
2025-08-23,7,140
2025-08-23,8,130
2025-08-23,9,125
2025-08-23,10,134
2025-08-23,11,141
2025-08-23,12,136
2025-08-23,13,138
2025-08-23,14,128
2025-08-23,15,136
2025-08-23,16,138
2025-08-23,17,140
2025-08-23,18,145
2025-08-23,19,151
2025-08-23,20,156
2025-08-23,21,149
2025-08-23,22,133
2025-08-23,23,126
2025-08-24,0,134
2025-08-24,1,141
2025-08-24,2,129
2025-08-24,3,141
2025-08-24,4,150
2025-08-24,5,148
2025-08-24,6,134
2025-08-24,7,144
2025-08-24,8,143
2025-08-24,9,148
2025-08-24,10,140
2025-08-24,11,141
2025-08-24,12,142
2025-08-24,13,142
2025-08-24,14,136
2025-08-24,15,144
2025-08-24,16,136
2025-08-24,17,136
2025-08-24,18,138
2025-08-24,19,135
2025-08-24,20,133
2025-08-24,21,131
2025-08-24,22,129
2025-08-24,23,131
2025-08-25,0,141
2025-08-25,1,143
2025-08-25,2,145
2025-08-25,3,156
2025-08-25,4,154
2025-08-25,5,159
2025-08-25,6,152
2025-08-25,7,147
2025-08-25,8,163
2025-08-25,9,155
2025-08-25,10,133
2025-08-25,11,131
2025-08-25,12,131
2025-08-25,13,125
2025-08-25,14,126
2025-08-25,15,128
2025-08-25,16,121
2025-08-25,17,127
2025-08-25,18,129
2025-08-25,19,121
2025-08-25,20,125
2025-08-25,21,140
2025-08-25,22,145
2025-08-25,23,145
2025-08-26,0,146
2025-08-26,1,147
2025-08-26,2,150
2025-08-26,3,146
2025-08-26,4,142
2025-08-26,5,145
2025-08-26,6,139
2025-08-26,7,127
2025-08-26,8,143
2025-08-26,9,139
2025-08-26,10,138
2025-08-26,11,136
2025-08-26,12,134
2025-08-26,13,132
2025-08-26,14,148
2025-08-26,15,158
2025-08-26,16,160
2025-08-26,17,162
2025-08-26,18,155
2025-08-26,19,150
2025-08-26,20,147
2025-08-26,21,142
2025-08-26,22,144
2025-08-26,23,140
2025-08-27,0,149
2025-08-27,1,136
2025-08-27,2,132
2025-08-27,3,133
2025-08-27,4,143
2025-08-27,5,150
2025-08-27,6,152
2025-08-27,7,140
2025-08-27,8,143
2025-08-27,9,137
2025-08-27,10,128
2025-08-27,11,117
2025-08-27,12,104
2025-08-27,13,105
2025-08-27,14,114
2025-08-27,15,109
2025-08-27,16,112
2025-08-27,17,118
2025-08-27,18,120
2025-08-27,19,124
2025-08-27,20,133
2025-08-27,21,142
2025-08-27,22,137
2025-08-27,23,141
2025-08-28,0,141
2025-08-28,1,136
2025-08-28,2,135
2025-08-28,3,131
2025-08-28,4,126
2025-08-28,5,122
2025-08-28,6,124
2025-08-28,7,129
2025-08-28,8,125
2025-08-28,9,143
2025-08-28,10,153
2025-08-28,11,145
2025-08-28,12,140
2025-08-28,13,124
2025-08-28,14,130
2025-08-28,15,133
2025-08-28,16,133
2025-08-28,17,139
2025-08-28,18,130
2025-08-28,19,125
2025-08-28,20,132
2025-08-28,21,130
2025-08-28,22,144
2025-08-28,23,144
2025-08-29,0,150
2025-08-29,1,145
2025-08-29,2,146
2025-08-29,3,140
2025-08-29,4,144
2025-08-29,5,146
2025-08-29,6,147
2025-08-29,7,147
2025-08-29,8,147
2025-08-29,9,139
2025-08-29,10,139
2025-08-29,11,148
2025-08-29,12,154
2025-08-29,13,141
2025-08-29,14,147
2025-08-29,15,139
2025-08-29,16,129
2025-08-29,17,129
2025-08-29,18,142
2025-08-29,19,144
2025-08-29,20,145
2025-08-29,21,140
2025-08-29,22,147
2025-08-29,23,139
2025-08-30,0,135
2025-08-30,1,133
2025-08-30,2,129
2025-08-30,3,143
2025-08-30,4,136
2025-08-30,5,126
2025-08-30,6,132
2025-08-30,7,131
2025-08-30,8,143
2025-08-30,9,145
2025-08-30,10,137
2025-08-30,11,136
2025-08-30,12,148
2025-08-30,13,145
2025-08-30,14,144
2025-08-30,15,138
2025-08-30,16,140
2025-08-30,17,132
2025-08-30,18,130
2025-08-30,19,143
2025-08-30,20,144
2025-08-30,21,143
2025-08-30,22,137
2025-08-30,23,133
2025-08-31,0,134
2025-08-31,1,125
2025-08-31,2,124
2025-08-31,3,130
2025-08-31,4,132
2025-08-31,5,126
2025-08-31,6,134
2025-08-31,7,134
2025-08-31,8,126
2025-08-31,9,133
2025-08-31,10,132
2025-08-31,11,125
2025-08-31,12,128
2025-08-31,13,131
2025-08-31,14,135
2025-08-31,15,137
2025-08-31,16,138
2025-08-31,17,140
2025-08-31,18,137
2025-08-31,19,115
2025-08-31,20,114
2025-08-31,21,121
2025-08-31,22,122
2025-08-31,23,118
2025-09-01,0,118
2025-09-01,1,122
2025-09-01,2,137
2025-09-01,3,143
2025-09-01,4,141
2025-09-01,5,133
2025-09-01,6,131
2025-09-01,7,134
2025-09-01,8,139
2025-09-01,9,136
2025-09-01,10,135
2025-09-01,11,131
2025-09-01,12,118
2025-09-01,13,131
2025-09-01,14,138
2025-09-01,15,144
2025-09-01,16,148
2025-09-01,17,153
2025-09-01,18,149
2025-09-01,19,159
2025-09-01,20,156
2025-09-01,21,158
2025-09-01,22,165
2025-09-01,23,156
2025-09-02,0,149
2025-09-02,1,134
2025-09-02,2,140
2025-09-02,3,152
2025-09-02,4,149
2025-09-02,5,131
2025-09-02,6,130
2025-09-02,7,134
2025-09-02,8,130
2025-09-02,9,123
2025-09-02,10,133
2025-09-02,11,128
2025-09-02,12,135
2025-09-02,13,140
2025-09-02,14,139
2025-09-02,15,142
2025-09-02,16,142
2025-09-02,17,135
2025-09-02,18,139
2025-09-02,19,146
2025-09-02,20,143
2025-09-02,21,140
2025-09-02,22,145
2025-09-02,23,148
2025-09-03,0,139
2025-09-03,1,148
2025-09-03,2,152
2025-09-03,3,157
2025-09-03,4,161
2025-09-03,5,160
2025-09-03,6,155
2025-09-03,7,158
2025-09-03,8,150
2025-09-03,9,134
2025-09-03,10,131
2025-09-03,11,127
2025-09-03,12,126
2025-09-03,13,125
2025-09-03,14,128
2025-09-03,15,135
2025-09-03,16,141
2025-09-03,17,148
2025-09-03,18,138
2025-09-03,19,137
2025-09-03,20,138
2025-09-03,21,140
2025-09-03,22,140
2025-09-03,23,140
2025-09-04,0,137
2025-09-04,1,138
2025-09-04,2,139
2025-09-04,3,148
2025-09-04,4,144
2025-09-04,5,136
2025-09-04,6,138
2025-09-04,7,141
2025-09-04,8,130
2025-09-04,9,130
2025-09-04,10,137
2025-09-04,11,141
2025-09-04,12,147
2025-09-04,13,138
2025-09-04,14,126
2025-09-04,15,118
2025-09-04,16,120
2025-09-04,17,119
2025-09-04,18,123
2025-09-04,19,129
2025-09-04,20,128
2025-09-04,21,125
2025-09-04,22,139
2025-09-04,23,146
2025-09-05,0,150
2025-09-05,1,146
2025-09-05,2,139
2025-09-05,3,129
2025-09-05,4,130
2025-09-05,5,131
2025-09-05,6,131
2025-09-05,7,126
2025-09-05,8,131
2025-09-05,9,138
2025-09-05,10,133
2025-09-05,11,135
2025-09-05,12,151
2025-09-05,13,151
2025-09-05,14,152
2025-09-05,15,137
2025-09-05,16,138
2025-09-05,17,140
2025-09-05,18,142
2025-09-05,19,145
2025-09-05,20,150
2025-09-05,21,153
2025-09-05,22,149
2025-09-05,23,139
2025-09-06,0,132
2025-09-06,1,134
2025-09-06,2,133
2025-09-06,3,125
2025-09-06,4,137
2025-09-06,5,137
2025-09-06,6,143
2025-09-06,7,151
2025-09-06,8,140
2025-09-06,9,143
2025-09-06,10,135
2025-09-06,11,128
2025-09-06,12,131
2025-09-06,13,119
2025-09-06,14,121
2025-09-06,15,119
2025-09-06,16,122
2025-09-06,17,125
2025-09-06,18,124
2025-09-06,19,123
2025-09-06,20,138
2025-09-06,21,143
2025-09-06,22,139
2025-09-06,23,145
2025-09-07,0,128
2025-09-07,1,130
2025-09-07,2,123
2025-09-07,3,128
2025-09-07,4,125
2025-09-07,5,117
2025-09-07,6,117
2025-09-07,7,134
2025-09-07,8,146
2025-09-07,9,151
2025-09-07,10,147
2025-09-07,11,131
2025-09-07,12,131
2025-09-07,13,140
2025-09-07,14,150
2025-09-07,15,157
2025-09-07,16,159
2025-09-07,17,160
2025-09-07,18,147
2025-09-07,19,134
2025-09-07,20,128
2025-09-07,21,107
2025-09-07,22,113
2025-09-07,23,119
2025-09-08,0,124
2025-09-08,1,123
2025-09-08,2,127
2025-09-08,3,119
2025-09-08,4,118
2025-09-08,5,129
2025-09-08,6,143
2025-09-08,7,146
2025-09-08,8,149
2025-09-08,9,154
2025-09-08,10,157
2025-09-08,11,144
2025-09-08,12,152
2025-09-08,13,142
2025-09-08,14,148
2025-09-08,15,149
2025-09-08,16,145
2025-09-08,17,142
2025-09-08,18,154
2025-09-08,19,136
2025-09-08,20,149
2025-09-08,21,147
2025-09-08,22,145
2025-09-08,23,146
2025-09-09,0,144
2025-09-09,1,140
2025-09-09,2,139
2025-09-09,3,123
2025-09-09,4,117
2025-09-09,5,126
2025-09-09,6,120
2025-09-09,7,119
2025-09-09,8,119
2025-09-09,9,118
2025-09-09,10,127
2025-09-09,11,137
2025-09-09,12,141
2025-09-09,13,138
2025-09-09,14,139
2025-09-09,15,151
2025-09-09,16,140
2025-09-09,17,138
2025-09-09,18,136
2025-09-09,19,145
2025-09-09,20,146
2025-09-09,21,143
2025-09-09,22,130
2025-09-09,23,127
2025-09-10,0,128
2025-09-10,1,128
2025-09-10,2,129
2025-09-10,3,127
2025-09-10,4,124
2025-09-10,5,124
2025-09-10,6,129
2025-09-10,7,139
2025-09-10,8,137
2025-09-10,9,162
2025-09-10,10,158
2025-09-10,11,160
2025-09-10,12,168
2025-09-10,13,177
2025-09-10,14,173
2025-09-10,15,175
2025-09-10,16,161
2025-09-10,17,161
2025-09-10,18,164
2025-09-10,19,166
2025-09-10,20,168
2025-09-10,21,168
2025-09-10,22,162
2025-09-10,23,159
2025-09-11,0,168
2025-09-11,1,168
2025-09-11,2,150
2025-09-11,3,149
2025-09-11,4,151
2025-09-11,5,153
2025-09-11,6,154
2025-09-11,7,149
2025-09-11,8,147
2025-09-11,9,139
2025-09-11,10,138
2025-09-11,11,138
2025-09-11,12,139
2025-09-11,13,140
2025-09-11,14,137
2025-09-11,15,139
2025-09-11,16,141
2025-09-11,17,130
2025-09-11,18,140
2025-09-11,19,130
2025-09-11,20,137
2025-09-11,21,136
2025-09-11,22,139
2025-09-11,23,143
2025-09-12,0,145
2025-09-12,1,134
2025-09-12,2,138
2025-09-12,3,133
2025-09-12,4,136
2025-09-12,5,146
2025-09-12,6,147
2025-09-12,7,144
2025-09-12,8,160
2025-09-12,9,165
2025-09-12,10,159
2025-09-12,11,160
2025-09-12,12,163
2025-09-12,13,156
2025-09-12,14,150
2025-09-12,15,149
2025-09-12,16,141
2025-09-12,17,143
2025-09-12,18,150
2025-09-12,19,142
2025-09-12,20,147
2025-09-12,21,142
2025-09-12,22,140
2025-09-12,23,135
2025-09-13,0,129
2025-09-13,1,128
2025-09-13,2,130
2025-09-13,3,138
2025-09-13,4,130
2025-09-13,5,129
2025-09-13,6,141
2025-09-13,7,139
2025-09-13,8,134
2025-09-13,9,139
2025-09-13,10,142
2025-09-13,11,147
2025-09-13,12,144
2025-09-13,13,138
2025-09-13,14,135
2025-09-13,15,130
2025-09-13,16,122
2025-09-13,17,126
2025-09-13,18,123
2025-09-13,19,125
2025-09-13,20,124
2025-09-13,21,121
2025-09-13,22,127
2025-09-13,23,127
2025-09-14,0,135
2025-09-14,1,137
2025-09-14,2,144
2025-09-14,3,145
2025-09-14,4,144
2025-09-14,5,145
2025-09-14,6,139
2025-09-14,7,137
2025-09-14,8,143
2025-09-14,9,140
2025-09-14,10,138
2025-09-14,11,112
2025-09-14,12,99
2025-09-14,13,82
2025-09-14,14,70
2025-09-14,15,59
2025-09-14,16,45
2025-09-14,17,33
2025-09-14,18,22
2025-09-14,19,11
2025-09-14,20,6
2025-09-14,21,2
2025-09-14,22,0
